Date,Subways: Total Estimated Ridership,Subways: % of Comparable Pre-Pandemic Day,Buses: Total Estimated Ridership,Buses: % of Comparable Pre-Pandemic Day,LIRR: Total Estimated Ridership,LIRR: % of 2019 Monthly Weekday/Saturday/Sunday Average,Metro-North: Total Estimated Ridership,Metro-North: % of 2019 Monthly Weekday/Saturday/Sunday Average,Access-A-Ride: Total Scheduled Trips,Access-A-Ride: % of Comprable Pre-Pandemic Day,Bridges and Tunnels: Total Traffic,Bridges and Tunnels: % of Comparable Pre-Pandemic Day
2/24/2022,2872297,53.5%,1071110,53.9%,132500,46%,110400,42%,21868,69.3%,911720,100.5%
2/23/2022,2910983,54.3%,1217136,59.8%,140200,49%,119200,46%,23807,72.4%,892767,101.2%
2/22/2022,2685563,52.1%,1127887,58.1%,135400,47%,112800,43%,19233,61.9%,846877,98.8%
2/21/2022,1952595,61.0%,868310,63.7%,109900,38%,63900,24%,12500,76.5%,816227,103.3%
2/20/2022,1481340,65.1%,575664,56.9%,55000,59%,54900,68%,11017,54.9%,768971,96.7%
2/19/2022,1798449,61.5%,729347,57.9%,64700,57%,66500,69%,12171,69.3%,813140,97.8%
2/18/2022,2971201,53.6%,1280586,60.8%,129400,43%,112000,42%,21470,69.5%,947650,96.9%
2/17/2022,3116294,54.9%,1405314,63.6%,141200,49%,115700,44%,23713,72.0%,911310,99.5%
2/16/2022,3106845,55.7%,1404479,61.9%,140400,49%,115300,45%,23513,68.7%,875377,99.5%
2/15/2022,3037102,54.1%,1339103,60.0%,146600,51%,119000,46%,21922,66.7%,873240,101.4%
2/14/2022,2913587,54.0%,1271635,59.3%,142500,49%,113300,43%,20812,69.2%,862473,102.0%
2/13/2022,1351196,57.9%,510638,52.6%,50500,54%,46400,58%,10013,51.8%,655107,86.5%
2/12/2022,2028622,72.9%,820822,72.3%,71700,64%,71800,74%,13376,81.3%,867255,105.3%
2/11/2022,3021056,54.5%,1348221,64.0%,131000,44%,110700,41%,22608,73.1%,939270,96.1%
2/10/2022,3118851,54.9%,1423775,64.4%,143100,50%,115700,44%,23341,70.9%,905812,98.9%
2/9/2022,3095072,55.5%,1421706,62.7%,143700,50%,115300,45%,23863,69.7%,868057,98.7%
2/8/2022,3022902,53.9%,1387432,62.2%,141700,49%,119200,46%,22667,69.0%,851665,98.9%
2/7/2022,2789941,51.7%,1297024,60.5%,136500,47%,111300,42%,21120,70.2%,809094,95.7%
2/6/2022,1325280,58.8%,558211,56.2%,51500,55%,48400,60%,10621,54.1%,744779,97.3%
2/5/2022,1794615,60.3%,726750,56.5%,61200,54%,61500,64%,11377,62.8%,775134,93.3%
2/4/2022,2730797,49.4%,1176367,55.7%,117900,39%,94300,35%,18557,60.3%,781068,85.3%
2/3/2022,2919948,51.6%,1304726,59.6%,126900,44%,104100,40%,22325,69.5%,853193,96.4%
2/2/2022,2945982,51.9%,1314898,57.4%,140100,49%,111000,43%,22427,66.7%,846701,96.6%
2/1/2022,2640076,47.2%,1127084,49.8%,135300,47%,111400,43%,20357,62.8%,804390,93.9%
1/31/2022,2580730,47.9%,1139164,51.9%,132200,46%,109700,41%,18400,61.1%,777628,90.7%
1/30/2022,1263710,56.5%,460299,47.5%,47900,51%,45000,56%,5974,30.2%,506466,72.0%
1/29/2022,1000199,34.8%,271959,21.7%,8100,7%,22000,23%,5353,31.7%,174348,22.1%
1/28/2022,2708397,50.1%,1208092,56.9%,120900,40%,96400,36%,20115,64.5%,866261,92.9%
1/27/2022,2730250,48.4%,1275573,58.1%,119000,41%,95700,37%,20934,66.3%,869615,100.8%
1/26/2022,2717000,48.2%,1266798,56.8%,118600,41%,96300,37%,21033,64.5%,833936,95.5%
1/25/2022,2706871,48.5%,1308979,58.6%,124500,43%,98900,38%,21233,67.3%,817021,95.6%
1/24/2022,2542015,48.4%,1244112,59.4%,127800,44%,100500,38%,19472,65.8%,791390,93.8%
1/23/2022,1246961,53.5%,529115,52.8%,48700,52%,43600,54%,9446,51.1%,685007,89.6%
1/22/2022,1585292,60.9%,655490,63.6%,59400,53%,53700,56%,10455,65.2%,735629,98.8%
1/21/2022,2570529,48.1%,1151816,55.7%,113500,38%,91100,34%,19079,62.6%,864079,93.1%
1/20/2022,2550517,46.8%,1181953,55.5%,112600,39%,88200,34%,18616,58.7%,766608,86.1%
1/19/2022,2647727,48.8%,1286788,60.3%,121200,42%,96300,37%,21111,64.8%,829778,95.7%
1/18/2022,2546425,47.9%,1222195,58.9%,125600,44%,100400,39%,19389,61.9%,815605,94.3%
1/17/2022,1602238,50.2%,694066,53.2%,98700,34%,44100,17%,8760,56.0%,649397,81.5%
1/16/2022,1166766,51.1%,456257,48.3%,43600,47%,38000,47%,8545,50.3%,621361,88.4%
1/15/2022,1436125,55.4%,573037,56.5%,53400,47%,45300,47%,9510,67.4%,703293,109.3%
1/14/2022,2527746,47.3%,1186647,58.4%,109200,36%,88600,33%,18878,62.0%,866901,91.1%
1/13/2022,2529329,45.8%,1218552,56.6%,112500,39%,87700,34%,19918,62.7%,821641,90.8%
1/12/2022,2464248,44.7%,1179931,52.9%,111000,39%,86000,33%,19679,59.1%,784901,88.6%
1/11/2022,2271033,41.9%,1040581,47.9%,104400,36%,81400,31%,17388,54.2%,753381,87.5%
1/10/2022,2352277,45.1%,1147341,52.9%,116500,40%,90200,34%,18268,61.1%,762712,90.0%
1/9/2022,1103682,48.2%,475438,47.8%,43400,46%,35300,44%,7916,40.9%,567494,75.0%
1/8/2022,1487737,49.5%,631341,48.5%,51700,46%,46400,48%,9126,49.8%,641533,77.3%
1/7/2022,2125569,39.0%,880997,41.3%,90200,30%,73100,27%,14203,46.0%,559774,61.3%
1/6/2022,2396085,43.8%,1146904,54.3%,103600,36%,82600,32%,18672,59.2%,780026,87.9%
1/5/2022,2272601,41.8%,1078511,50.3%,98300,34%,77600,30%,18861,58.7%,709060,83.1%
1/4/2022,2294147,42.4%,1082360,50.3%,104200,36%,82000,32%,17909,56.7%,733369,87.1%
1/3/2022,2172744,41.4%,1000002,47.8%,103000,35%,84000,32%,16437,55.2%,692740,83.2%
1/2/2022,1221306,53.7%,475096,50.4%,49200,53%,42600,53%,8383,45.0%,624655,88.8%
1/1/2022,1029180,44.5%,350845,46.4%,34000,30%,30300,31%,4904,57.5%,498515,74.6%
12/31/2021,1629859,52.2%,699749,58.0%,96700,32%,85200,32%,11498,75.7%,628305,73.7%
12/30/2021,2202359,50.9%,928012,60.4%,110100,38%,90800,35%,16177,65.7%,804654,98.5%
12/29/2021,2171073,50.1%,921562,60.0%,105900,37%,92600,36%,16859,68.5%,768653,94.1%
12/28/2021,2172791,50.2%,953933,62.1%,109900,38%,89700,35%,16736,68.0%,764364,93.5%
12/27/2021,2011675,46.5%,890096,58.0%,108500,37%,89400,34%,14952,60.8%,744547,91.1%
12/26/2021,1286484,51.0%,518897,55.1%,56500,60%,51500,64%,8744,48.8%,673477,86.2%
12/25/2021,811945,46.6%,329549,49.3%,39500,35%,31600,33%,9021,61.0%,582582,76.1%
12/24/2021,1577738,43.2%,746809,48.9%,97400,33%,81100,30%,12009,54.1%,738612,81.6%
12/23/2021,2491489,52.5%,1166953,63.7%,118400,41%,97200,37%,19335,71.6%,899513,97.2%
12/22/2021,2640159,55.6%,1252621,68.4%,117700,41%,92900,36%,21673,80.3%,878197,94.9%
12/21/2021,2703097,57.0%,1299476,71.0%,124400,43%,97100,37%,21656,80.2%,866595,93.6%
12/20/2021,2722430,57.4%,1277654,69.8%,132100,45%,102700,39%,20318,75.3%,856849,92.6%
12/19/2021,1581503,59.3%,636393,61.0%,65700,70%,56300,70%,12238,61.7%,784051,93.5%
12/18/2021,1882956,59.1%,786073,62.1%,74300,66%,66100,69%,12312,70.6%,832994,91.8%
12/17/2021,3118492,55.1%,1375383,66.2%,146100,49%,121000,45%,22539,72.3%,968689,97.6%
12/16/2021,3226842,56.1%,1438193,70.3%,152700,53%,126100,48%,23623,74.1%,948535,97.4%
12/15/2021,3249076,54.7%,1436154,65.0%,153100,53%,129800,50%,23732,70.7%,921048,97.6%
12/14/2021,3281294,57.6%,1378221,67.4%,154900,54%,131800,51%,23043,73.0%,894669,103.3%
12/13/2021,3127619,54.6%,1333718,61.2%,153400,53%,129700,49%,21617,71.6%,874293,96.4%
12/12/2021,1831705,65.1%,627007,59.5%,80900,87%,66500,83%,12189,61.7%,828121,98.5%
12/11/2021,2268556,65.7%,786137,61.3%,91900,81%,81100,84%,13396,75.4%,863814,98.0%
12/10/2021,3423782,57.8%,1404176,66.5%,152500,51%,127700,48%,22237,72.5%,962125,98.2%
12/9/2021,3440822,56.5%,1436883,64.3%,154400,54%,126200,48%,22743,69.6%,927903,94.8%
12/8/2021,3385675,56.9%,1430106,64.7%,156200,55%,130200,50%,22691,73.1%,889409,100.8%
12/7/2021,3375157,56.9%,1453136,64.9%,153700,53%,131000,50%,23262,71.1%,883027,97.1%
12/6/2021,3142556,55.9%,1394230,67.8%,155000,53%,127300,48%,21761,72.8%,865595,98.8%
12/5/2021,1737545,65.0%,665129,64.3%,72700,78%,60500,75%,12541,63.9%,818544,99.1%
12/4/2021,2318203,65.8%,864764,65.5%,91500,81%,81400,84%,13317,71.9%,864918,96.5%
12/3/2021,3380539,56.7%,1419078,64.5%,144500,48%,119400,44%,22518,72.7%,940827,96.2%
12/2/2021,3366133,55.5%,1449142,63.5%,154700,54%,127500,49%,22540,68.5%,923179,95.7%
12/1/2021,3333735,55.7%,1463384,63.9%,163200,57%,136100,53%,23347,69.2%,899319,96.6%
11/30/2021,3214333,55.1%,1432539,64.2%,166700,58%,136600,53%,22469,74.3%,897216,100.1%
11/29/2021,3002707,57.0%,1381661,70.4%,166200,57%,132500,50%,21124,80.5%,900399,117.9%
11/28/2021,1467414,72.2%,592081,72.3%,75200,80%,65100,81%,10481,69.7%,825585,113.5%
11/27/2021,1882638,67.5%,750986,61.3%,83700,74%,76100,79%,10620,74.4%,850980,94.3%
11/26/2021,2092977,60.1%,843588,59.5%,128500,43%,108700,40%,11077,74.1%,789915,98.4%
11/25/2021,1359188,64.0%,509782,62.4%,125400,44%,69900,27%,15459,72.2%,861084,95.4%
11/24/2021,3091878,58.5%,1343391,62.7%,165300,58%,139400,54%,21002,76.3%,992568,100.5%
11/23/2021,3293785,56.4%,1424890,61.8%,162200,56%,136600,53%,22574,70.8%,989345,99.2%
11/22/2021,3137259,54.8%,1418226,62.4%,156900,54%,127800,48%,21441,71.7%,901942,99.6%
11/21/2021,1676033,74.3%,674551,72.4%,80500,86%,66900,83%,TBD,TBD,841901,111.5%
11/20/2021,2138098,67.0%,861772,63.5%,94400,84%,82900,86%,TBD,TBD,915131,102.0%
11/19/2021,3323841,57.2%,1429787,65.3%,151800,51%,127100,47%,22662,74.5%,987149,100.9%
11/18/2021,3419760,57.0%,1505488,64.5%,157400,55%,132600,51%,24071,74.2%,959226,99.9%
11/17/2021,3376522,56.9%,1501740,64.5%,158400,55%,131100,51%,24396,72.8%,915266,98.6%
11/16/2021,3348316,56.8%,1492110,64.3%,161400,56%,137200,53%,23694,72.5%,902386,99.2%
11/15/2021,3117761,55.5%,1437414,66.1%,161000,55%,132200,50%,22208,74.7%,890524,100.9%
11/14/2021,1704908,70.0%,657129,65.0%,72500,78%,62900,78%,12460,65.7%,858311,104.6%
11/13/2021,2172149,67.1%,815114,61.9%,80800,72%,74300,77%,13124,75.1%,869112,96.2%
11/12/2021,3164764,53.8%,1350608,60.6%,141700,47%,117700,44%,21598,69.0%,919941,92.9%
11/11/2021,2927728,61.0%,1198235,66.1%,143400,50%,122900,47%,19846,89.8%,895643,105.4%
11/10/2021,3359437,57.6%,1514453,69.0%,159300,56%,134400,52%,24608,76.3%,926005,100.9%
11/9/2021,3287134,56.6%,1518264,69.2%,157200,54%,134100,52%,24504,77.6%,898518,101.2%
11/8/2021,3072454,52.8%,1461178,63.2%,159700,55%,131100,49%,22136,73.5%,889544,96.8%
11/7/2021,1891963,65.7%,614513,62.0%,81200,87%,72200,90%,10647,63.0%,780686,100.5%
11/6/2021,2198274,67.9%,864499,66.1%,84900,75%,80800,84%,13672,77.1%,910587,99.6%
11/5/2021,3300207,56.3%,1457014,66.7%,150200,50%,121800,45%,23009,77.7%,966007,98.5%
11/4/2021,3291525,54.6%,1486942,63.6%,151400,53%,126500,49%,24009,74.5%,931012,97.5%
11/3/2021,3301103,54.8%,1507287,63.4%,154200,54%,131000,51%,23349,70.1%,901230,96.3%
11/2/2021,2853901,51.5%,1258180,59.8%,147800,51%,129300,50%,22016,72.2%,853432,95.7%
11/1/2021,3041089,52.2%,1448304,62.6%,158400,54%,131300,49%,21387,71.0%,898451,97.8%
10/31/2021,1748679,69.5%,656203,62.4%,68700,73%,66300,82%,12233,63.0%,824978,96.1%
10/30/2021,2046487,61.1%,819620,59.1%,76500,68%,69300,72%,12642,69.4%,854656,92.3%
10/29/2021,3258376,54.7%,1426938,63.0%,153300,51%,122600,46%,22477,74.3%,963442,97.2%
10/28/2021,3373576,58.4%,1515489,69.8%,159600,55%,132200,51%,24814,85.5%,959835,108.3%
10/27/2021,3307634,54.9%,1503535,63.7%,155900,54%,129900,50%,24144,75.2%,914494,98.8%
10/26/2021,2707913,45.3%,1233660,53.1%,130100,45%,104500,40%,21220,68.2%,738636,80.9%
10/25/2021,3001962,52.1%,1461023,63.0%,158300,54%,125800,47%,21724,75.2%,883887,96.7%
10/24/2021,1601835,72.7%,659283,75.6%,69600,74%,68200,85%,12314,71.9%,883371,113.7%
10/23/2021,2079731,62.3%,847596,60.6%,74700,66%,82900,86%,13556,76.0%,914737,96.1%
10/22/2021,3232113,54.7%,1471199,64.1%,145800,49%,126600,47%,22843,75.7%,986548,98.0%
10/21/2021,3275195,53.5%,1476434,62.0%,149900,52%,127300,49%,24007,74.8%,948652,96.3%
10/20/2021,3241475,53.5%,1525608,63.6%,155200,54%,131100,51%,24474,74.7%,916246,96.9%
10/19/2021,3185458,54.9%,1510722,66.7%,153400,53%,130000,50%,23403,78.0%,899389,102.8%
10/18/2021,2989693,52.7%,1461843,63.8%,153700,53%,127400,48%,21454,78.1%,889996,101.8%
10/17/2021,1631844,67.0%,663944,67.8%,74800,80%,69700,87%,12564,67.4%,891527,106.9%
10/16/2021,2044396,60.8%,856990,62.0%,83400,74%,74900,78%,13307,75.3%,896392,93.9%
10/15/2021,3233854,53.9%,1491099,65.3%,150900,50%,124700,46%,23251,77.2%,990940,96.3%
10/14/2021,3248072,53.4%,1527543,66.0%,154600,54%,126800,49%,24144,77.0%,952876,98.3%
10/13/2021,3164655,54.1%,1511356,68.9%,151300,53%,124800,48%,24396,78.4%,907632,99.8%
10/12/2021,3110171,52.9%,1514608,64.4%,154600,54%,128200,49%,23848,78.7%,910639,99.6%
10/11/2021,2267498,53.2%,1045865,64.0%,131700,45%,114500,43%,16917,88.9%,878443,102.9%
10/10/2021,1499551,56.4%,601821,55.8%,65600,70%,59000,73%,11794,63.8%,806025,90.0%
10/9/2021,2052746,62.8%,856308,62.1%,84600,75%,82000,85%,13634,77.9%,919384,97.8%
10/8/2021,3175133,54.1%,1473912,64.6%,153800,51%,123600,46%,23356,78.3%,1001210,97.0%
10/7/2021,3198045,52.9%,1523168,64.2%,150100,52%,121400,47%,24571,78.1%,951212,97.9%
10/6/2021,3147958,52.9%,1532668,63.4%,149600,52%,123100,48%,24678,79.5%,913993,98.7%
10/5/2021,3098187,54.1%,1499767,65.0%,150200,52%,124700,48%,23644,77.8%,887129,101.0%
10/4/2021,2870940,50.2%,1419155,60.4%,152600,53%,121300,46%,21794,74.8%,871945,96.4%
10/3/2021,1577642,62.6%,673253,62.6%,74900,80%,66800,83%,12936,67.2%,887540,102.0%
10/2/2021,2066222,61.9%,883902,62.8%,86600,77%,80900,84%,14145,79.8%,923455,98.7%
10/1/2021,3169206,52.8%,1492942,64.0%,140000,47%,116200,43%,23098,77.3%,985786,98.1%
9/30/2021,3153965,52.4%,1516081,65.7%,144800,50%,121800,47%,23555,74.6%,953501,101.8%
9/29/2021,3070509,51.6%,1513184,62.6%,137500,48%,120000,46%,23323,75.1%,886785,95.8%
9/28/2021,2934542,48.8%,1457421,61.1%,141200,49%,118300,45%,21727,72.2%,831192,90.1%
9/27/2021,2880083,50.0%,1489441,63.6%,146200,50%,121500,46%,21209,75.7%,881116,95.4%
9/26/2021,1616915,63.7%,657257,60.1%,80100,86%,64900,81%,12034,64.3%,895286,97.5%
9/25/2021,2132211,66.4%,872490,62.6%,88500,78%,81300,84%,13909,81.7%,953628,98.2%
9/24/2021,3128041,53.1%,1469705,63.7%,142800,48%,116700,43%,21941,76.5%,986694,96.6%
9/23/2021,3022830,49.8%,1483075,62.6%,140100,49%,115500,44%,23031,75.3%,915198,94.0%
9/22/2021,3027925,49.9%,1506211,62.7%,139900,49%,120100,46%,23157,72.8%,872883,92.1%
9/21/2021,3025310,50.3%,1505803,63.2%,142700,49%,123900,48%,22399,74.5%,860050,93.2%
9/20/2021,2889759,50.2%,1481676,63.2%,148100,51%,122100,46%,21889,78.1%,895109,97.0%
9/19/2021,1598720,61.1%,674024,60.2%,69400,74%,64100,80%,12612,67.4%,914623,97.9%
9/18/2021,2017430,60.7%,871175,61.1%,77300,69%,76300,79%,14054,79.5%,949178,97.5%
9/17/2021,3034676,50.7%,1456201,62.6%,142100,47%,119300,44%,23282,80.7%,982085,96.8%
9/16/2021,2539853,42.1%,1210069,50.0%,128000,44%,107700,41%,20826,67.2%,864413,88.2%
9/15/2021,2993744,49.9%,1503627,61.8%,139900,49%,116400,45%,23966,74.6%,904733,95.8%
9/14/2021,3017947,50.6%,1511145,62.4%,144900,50%,120500,46%,23132,75.3%,908024,97.5%
9/13/2021,2858929,50.3%,1441516,60.9%,147800,51%,122500,46%,21898,77.5%,914827,98.5%
9/12/2021,1591655,62.1%,694561,62.6%,77000,82%,59000,73%,12239,66.2%,899864,97.9%
9/11/2021,1985273,63.3%,870791,62.9%,82200,73%,65300,68%,13070,77.4%,917704,97.7%
9/10/2021,2845820,48.4%,1322430,56.4%,150900,50%,113500,42%,23037,78.1%,995486,98.0%
9/9/2021,2708091,45.5%,1249341,52.0%,139500,48%,111700,43%,23653,76.1%,911040,93.8%
9/8/2021,2534847,46.0%,1192895,54.7%,135700,47%,110900,43%,22354,73.4%,896020,95.6%
9/7/2021,2238469,42.1%,1102372,51.9%,137600,48%,113700,44%,21143,73.8%,902400,94.8%
9/6/2021,1523354,68.3%,733947,77.4%,77900,83%,51300,19%,10077,105.5%,812884,109.6%
9/5/2021,1416893,56.8%,618622,57.1%,71000,76%,45200,56%,11931,63.7%,832200,92.8%
9/4/2021,1779743,61.0%,834456,62.3%,84800,75%,57100,59%,13382,81.8%,927358,98.5%
9/3/2021,2394842,48.8%,1221668,61.0%,139800,47%,97900,36%,22585,84.5%,1014806,98.1%
9/2/2021,1664178,31.5%,1188941,57.0%,105600,37%,#VALUE!,#VALUE!,21179,75.8%,851145,83.3%
9/1/2021,2298999,44.2%,1086148,53.7%,118400,41%,90600,35%,20878,71.9%,811053,85.8%
8/31/2021,2537974,48.7%,1246463,60.6%,133600,46%,99900,38%,22724,80.6%,936181,99.5%
8/30/2021,2325695,47.7%,1182908,61.0%,131600,45%,97100,37%,19224,75.7%,911105,98.4%
8/29/2021,1400642,56.1%,630281,58.2%,68800,74%,54100,67%,11558,61.7%,890505,99.3%
8/28/2021,1661095,57.0%,776489,58.0%,69000,61%,56200,58%,12760,78.0%,890293,94.6%
8/27/2021,2392602,48.7%,1147249,57.3%,119700,40%,90500,34%,21211,79.4%,973335,94.1%
8/26/2021,2485132,47.1%,1222996,58.7%,122100,42%,91000,35%,22068,78.9%,950534,93.1%
8/25/2021,2503420,48.2%,1236342,61.1%,127400,44%,93300,36%,23351,80.4%,957036,101.3%
8/24/2021,2467406,47.3%,1234884,60.0%,130600,45%,98300,38%,22679,80.4%,942935,100.2%
8/23/2021,2056731,42.2%,1032792,53.3%,110000,38%,84200,32%,18809,74.1%,821654,88.8%
8/22/2021,745800,32.0%,369246,33.5%,27500,29%,16100,20%,7979,45.0%,489334,52.7%
8/21/2021,1716439,59.2%,822340,59.7%,72800,65%,62000,64%,13046,79.0%,941331,95.6%
8/20/2021,2460924,50.4%,1183308,62.3%,124600,42%,99500,37%,21451,79.3%,969814,95.8%
8/19/2021,2444495,47.9%,1194375,60.1%,117400,41%,93000,36%,21838,77.2%,939085,94.2%
8/18/2021,2450516,48.3%,1210760,61.2%,117200,41%,97900,38%,22715,77.9%,917872,96.4%
8/17/2021,2432692,47.6%,1209633,60.1%,120700,42%,103600,40%,22245,78.5%,909180,95.5%
8/16/2021,2292396,47.5%,1170216,61.0%,123900,43%,100300,38%,20087,77.3%,910779,96.8%
8/15/2021,1430620,62.9%,661705,60.8%,73000,78%,54400,68%,12395,69.1%,918288,100.7%
8/14/2021,1718222,60.0%,811826,58.7%,75700,67%,57700,60%,13157,79.3%,904780,95.5%
8/13/2021,2434624,48.5%,1189426,60.1%,123800,41%,91900,34%,21336,78.8%,973883,96.6%
8/12/2021,2453353,46.1%,1223666,59.6%,119700,42%,90800,35%,22427,77.9%,965578,96.8%
8/11/2021,2480877,47.3%,1246306,61.5%,119700,42%,94700,37%,23338,77.8%,931264,98.3%
8/10/2021,2447231,47.6%,1245670,63.1%,122500,42%,95300,37%,23079,81.8%,905508,99.9%
8/9/2021,2294279,45.6%,1183050,59.5%,109900,38%,95600,36%,20540,78.4%,891525,94.2%
8/8/2021,1333885,53.8%,598574,54.4%,61100,65%,54300,68%,11934,67.0%,843489,92.2%
8/7/2021,1780458,58.9%,836715,60.7%,76800,68%,67300,70%,14108,83.0%,923751,94.4%
8/6/2021,2523944,48.8%,1222343,60.7%,123200,41%,101200,38%,22179,81.0%,979833,95.8%
8/5/2021,2534287,46.6%,1259332,59.9%,120000,42%,98300,38%,22610,77.8%,956306,95.6%
8/4/2021,2534018,48.2%,1257876,63.2%,123700,43%,99300,38%,23611,80.3%,921068,100.6%
8/3/2021,2489064,46.5%,1262043,59.7%,123900,43%,103200,40%,22828,78.3%,904753,96.8%
8/2/2021,2338722,45.5%,1208484,58.6%,126200,43%,102300,38%,19824,73.9%,903514,96.0%
8/1/2021,1351294,55.2%,629963,55.7%,66000,71%,52000,65%,11627,63.0%,869092,93.9%
7/31/2021,1841007,61.2%,857333,61.4%,85400,76%,67100,70%,13932,83.6%,953445,101.5%
7/30/2021,2562489,49.1%,1235623,60.3%,131900,44%,103500,39%,22127,80.8%,988596,97.0%
7/29/2021,2433507,44.5%,1186642,55.1%,120300,42%,94700,36%,22164,76.7%,918380,91.0%
7/28/2021,2539760,47.4%,1276296,62.4%,126800,44%,100000,39%,23145,78.6%,932094,98.7%
7/27/2021,2493079,46.2%,1267804,59.8%,128300,44%,103000,40%,22609,78.1%,918908,96.9%
7/26/2021,2323169,45.1%,1219135,59.1%,129900,45%,101300,38%,19910,75.4%,907205,96.1%
7/25/2021,1364830,56.0%,625645,55.6%,66400,71%,53100,66%,11419,63.1%,864361,90.8%
7/24/2021,1852402,60.7%,856250,61.2%,84900,75%,68600,71%,14042,83.1%,950568,96.6%
7/23/2021,2557043,48.1%,1219255,59.8%,130500,44%,101100,38%,22314,80.8%,985198,94.9%
7/22/2021,2587338,46.5%,1279778,59.5%,127300,44%,102300,39%,23122,78.8%,963493,95.0%
7/21/2021,2509502,44.8%,1225595,56.2%,121500,42%,104900,41%,22865,75.2%,914902,93.4%
7/20/2021,2467017,46.7%,1217802,60.0%,125800,44%,107000,41%,22213,76.5%,924495,101.0%
7/19/2021,2332473,46.1%,1208792,60.7%,126700,44%,103400,39%,20276,77.0%,897298,98.3%
7/18/2021,1405344,64.5%,640618,62.1%,67400,72%,56200,70%,11313,73.2%,838604,96.0%
7/17/2021,1717480,64.9%,795347,62.6%,73000,65%,64500,67%,13228,88.2%,897001,97.0%
7/16/2021,2541195,48.8%,1219118,59.4%,123500,41%,104300,39%,21730,80.6%,983846,95.7%
7/15/2021,2586791,47.8%,1275846,62.4%,125600,44%,105200,40%,23772,82.0%,971048,99.3%
7/14/2021,2522633,46.0%,1260044,59.6%,120500,42%,101800,39%,23662,77.5%,919213,97.1%
7/13/2021,2462643,44.4%,1239045,57.2%,123400,43%,105300,41%,22286,74.3%,895705,93.7%
7/12/2021,2249975,42.5%,1171521,55.9%,120500,41%,99000,37%,20623,76.4%,866231,91.2%
7/11/2021,1367403,56.1%,635511,56.3%,62600,67%,53200,66%,11725,65.2%,830775,87.5%
7/10/2021,1783921,58.8%,855908,58.9%,73000,65%,64400,67%,14518,84.7%,925950,93.1%
7/9/2021,2322712,43.0%,1115969,54.8%,109400,37%,88300,33%,20632,74.3%,888932,87.4%
7/8/2021,2369035,43.1%,1164513,56.0%,116300,40%,93200,36%,22941,77.4%,897858,92.5%
7/7/2021,2442092,43.8%,1234617,56.6%,122600,43%,99100,38%,23637,78.6%,926634,96.6%
7/6/2021,2306692,42.2%,1181416,54.4%,127900,44%,100500,39%,22648,76.0%,903777,95.2%
7/5/2021,1497714,64.7%,770321,69.9%,78400,84%,59700,22%,10303,56.9%,838087,90.7%
7/4/2021,1470325,54.0%,615001,55.1%,70200,75%,63900,80%,12816,98.4%,773629,88.3%
7/3/2021,1543756,59.5%,738089,57.8%,63800,57%,57400,59%,12676,87.4%,777262,97.9%
7/2/2021,2300302,59.0%,1121116,63.7%,116500,39%,94300,35%,21489,96.8%,920188,107.6%
7/1/2021,2297059,41.8%,1104516,53.1%,114400,40%,90000,35%,22011,74.3%,933638,121.4%
6/30/2021,2350864,45.0%,1139886,54.7%,119400,42%,99500,38%,23001,76.9%,945822,93.7%
6/29/2021,2348456,44.0%,1169268,56.2%,119400,41%,97800,38%,21612,73.2%,930011,98.2%
6/28/2021,2256926,43.3%,1152019,56.4%,122300,42%,101500,38%,20503,76.9%,924740,96.5%
6/27/2021,1561403,51.7%,656004,59.6%,75100,80%,62400,78%,11883,69.6%,900039,96.5%
6/26/2021,1855861,58.2%,841585,63.1%,76600,68%,66700,69%,13520,84.1%,950086,98.2%
6/25/2021,2587425,47.3%,1214123,60.9%,126700,42%,100500,37%,22400,80.3%,988675,94.5%
6/24/2021,2557684,45.2%,1248843,59.9%,121500,42%,100500,39%,22842,77.1%,978351,93.7%
6/23/2021,2552443,44.0%,1264095,56.0%,121900,43%,101900,39%,24223,78.8%,946870,93.2%
6/22/2021,2359521,42.7%,1172110,55.7%,116200,40%,97600,38%,22293,74.7%,896868,93.8%
6/21/2021,2268969,41.9%,1191844,56.1%,123900,43%,95700,36%,20512,75.5%,926300,94.5%
6/20/2021,1389352,52.9%,652557,58.1%,77000,82%,60900,76%,13189,70.5%,951631,98.3%
6/19/2021,1784312,54.1%,841519,60.0%,76500,68%,66100,69%,13949,80.2%,952944,95.0%
6/18/2021,2576562,46.4%,1235675,66.1%,122800,41%,104300,39%,22491,78.8%,989296,96.4%
6/17/2021,2557486,44.9%,1281552,62.8%,121600,42%,98400,38%,23292,77.8%,973485,97.4%
6/16/2021,2524189,44.0%,1288040,58.7%,119200,42%,94700,37%,24788,79.4%,945955,97.5%
6/15/2021,2474710,44.1%,1277203,60.8%,117600,41%,96700,37%,23460,77.8%,917933,98.7%
6/14/2021,2227391,40.8%,1176722,54.0%,115300,40%,91100,34%,21568,79.2%,869235,91.5%
6/13/2021,1379959,59.2%,647385,61.8%,59200,63%,51700,64%,12047,64.6%,887098,95.2%
6/12/2021,1775538,55.5%,849178,59.5%,68200,60%,61500,64%,14450,80.5%,919318,91.0%
6/11/2021,2472629,43.3%,1221484,54.7%,118300,39%,94600,35%,23324,80.7%,968763,93.0%
6/10/2021,2478619,43.4%,1276901,58.5%,113200,39%,91300,35%,23498,79.6%,951274,97.9%
6/9/2021,2390612,40.6%,1259005,54.0%,107900,38%,90600,35%,23868,74.5%,908563,92.7%
6/8/2021,2270152,39.4%,1175335,52.5%,108300,38%,88000,34%,22948,78.1%,878376,91.5%
6/7/2021,2227613,42.2%,1200737,58.5%,112100,39%,89400,34%,21511,82.6%,897208,102.2%
6/6/2021,1363344,52.6%,654780,60.3%,61900,66%,51500,64%,12514,69.8%,921829,103.4%
6/5/2021,1792204,54.8%,874545,61.8%,72800,65%,62700,65%,14636,81.9%,946758,97.7%
6/4/2021,2314340,40.8%,1160335,52.0%,104600,35%,88900,33%,22743,78.7%,930743,90.3%
6/3/2021,2238336,39.1%,1143159,52.8%,102800,36%,84800,33%,23026,77.2%,895524,89.1%
6/2/2021,2348517,40.8%,1249102,54.7%,112500,39%,90800,35%,24325,78.7%,910385,94.3%
6/1/2021,2263536,40.9%,1230127,58.3%,114800,40%,94900,37%,22308,75.3%,907698,95.4%
5/31/2021,1391302,53.4%,702801,61.0%,102300,32%,63000,22%,10380,96.2%,756187,79.1%
5/30/2021,1066132,42.1%,484864,44.7%,43400,45%,47200,45%,10028,55.5%,664029,74.1%
5/29/2021,1371467,43.2%,648192,45.6%,54800,46%,71700,48%,11734,67.6%,744860,77.1%
5/28/2021,2236646,38.8%,1135369,51.3%,112800,35%,89300,31%,21520,77.1%,931760,88.8%
5/27/2021,2356638,41.0%,1246269,57.0%,117300,37%,90600,32%,23450,81.9%,970920,99.5%
5/26/2021,2280311,40.0%,1241052,56.3%,114500,36%,86700,30%,23594,80.2%,921084,97.2%
5/25/2021,2275628,41.9%,1253998,57.6%,110900,35%,85900,30%,22854,80.7%,902577,97.5%
5/24/2021,2123129,38.3%,1192453,53.6%,105500,33%,80800,28%,21563,75.8%,869940,110.5%
5/23/2021,1270286,49.9%,645466,60.7%,58000,59%,63700,61%,11765,63.8%,885740,101.0%
5/22/2021,1647055,54.7%,839877,63.0%,66300,56%,94500,63%,13397,84.6%,911148,100.9%
5/21/2021,2336140,43.1%,1221591,55.5%,110100,34%,90900,32%,22520,81.0%,965528,91.9%
5/20/2021,2273912,40.0%,1243965,56.8%,106600,33%,82700,29%,23659,79.6%,931659,91.9%
5/19/2021,2261916,38.4%,1253578,53.9%,104800,33%,82700,29%,23784,76.1%,915644,92.3%
5/18/2021,2154370,36.8%,1215676,52.4%,100400,31%,80300,28%,22367,74.4%,838307,86.5%
5/17/2021,2026574,36.3%,1157960,51.0%,98500,31%,77300,27%,20779,75.3%,810018,83.8%
5/16/2021,1201918,45.8%,621750,55.7%,49200,50%,56800,55%,11062,59.2%,814177,85.9%
5/15/2021,1637242,48.1%,844096,59.2%,63100,53%,91100,60%,13516,76.6%,891574,89.6%
5/14/2021,2270937,39.6%,1220112,54.5%,104900,33%,85700,30%,22437,78.5%,947064,89.8%
5/13/2021,2167164,36.6%,1182347,50.8%,103000,32%,80000,28%,23439,77.8%,918259,90.0%
5/12/2021,2186470,37.1%,1238990,52.6%,98900,31%,77900,27%,23946,74.9%,887381,90.7%
5/11/2021,2152549,37.3%,1231886,53.3%,97400,30%,75400,26%,22751,76.9%,873176,93.1%
5/10/2021,1993889,36.6%,1149109,54.1%,96800,30%,73300,26%,20751,78.8%,844563,93.3%
5/9/2021,1108734,53.5%,576000,69.1%,54100,55%,59300,57%,13897,70.9%,854809,100.3%
5/8/2021,1444674,44.9%,779188,54.3%,56300,48%,78700,52%,13339,73.5%,854156,86.1%
5/7/2021,2241860,39.8%,1222741,54.1%,101600,32%,83100,29%,22730,79.8%,936747,91.9%
5/6/2021,2204111,37.4%,1258536,53.2%,94200,30%,76000,27%,23792,77.2%,905604,91.7%
5/5/2021,2078394,35.4%,1158445,48.4%,92000,29%,70300,25%,23236,72.9%,841968,87.5%
5/4/2021,2124252,36.5%,1227250,51.9%,93100,29%,72300,25%,22962,74.2%,851039,90.9%
5/3/2021,1974754,35.0%,1165505,51.1%,91100,29%,67100,23%,21492,75.9%,828506,89.3%
5/2/2021,1153471,49.5%,620063,73.8%,41800,43%,51300,49%,11541,65.9%,809865,101.6%
5/1/2021,1515211,46.9%,818655,59.0%,51100,43%,76300,51%,13263,75.4%,849633,90.9%
4/30/2021,2163175,37.7%,1185321,53.1%,93500,30%,77700,27%,22322,77.8%,922720,91.3%
4/29/2021,2032405,34.5%,1166096,49.7%,88700,29%,69000,24%,22201,74.9%,873037,88.8%
4/28/2021,2139820,36.8%,1227777,52.2%,92100,30%,72900,25%,24411,79.2%,888723,93.3%
4/27/2021,2045718,35.5%,1198299,52.4%,89000,29%,69300,24%,22603,76.3%,839788,90.4%
4/26/2021,1959131,35.2%,1156913,51.5%,89300,29%,68600,24%,21083,77.4%,826605,91.3%
4/25/2021,985027,40.7%,540989,54.5%,34100,37%,37100,36%,9777,56.0%,695863,83.1%
4/24/2021,1520057,46.5%,809163,60.5%,51600,45%,78900,53%,13351,81.4%,854964,92.7%
4/23/2021,2125087,42.1%,1184193,67.7%,92800,30%,76100,27%,22035,86.8%,920588,102.0%
4/22/2021,2044069,37.4%,1166357,59.0%,86600,28%,67600,24%,21832,78.0%,871573,92.5%
4/21/2021,1969710,36.2%,1139762,56.5%,83500,27%,66000,23%,22379,76.3%,828447,88.0%
4/20/2021,2086630,38.4%,1223642,60.4%,90000,29%,72000,25%,23528,85.0%,860511,92.4%
4/19/2021,1914960,38.7%,1147977,63.2%,87200,28%,67400,23%,21274,89.1%,816540,88.8%
4/18/2021,1082503,43.7%,607333,61.4%,38300,42%,48200,47%,10865,58.3%,753446,85.6%
4/17/2021,1425036,43.4%,803352,57.3%,49900,44%,72600,49%,13313,75.4%,813162,96.3%
4/16/2021,2082447,36.4%,1157507,51.8%,87200,28%,73600,26%,21632,74.3%,889711,92.2%
4/15/2021,1910326,32.4%,1083083,48.1%,81800,26%,63800,22%,21198,71.5%,822207,82.2%
4/14/2021,2021936,33.8%,1199954,51.3%,86700,28%,69900,24%,23462,74.7%,852606,88.1%
4/13/2021,2016030,34.0%,1196355,50.9%,87200,28%,67600,24%,22728,75.5%,832482,88.0%
4/12/2021,1849254,33.3%,1087799,49.6%,83100,27%,63900,22%,21192,75.8%,793402,87.3%
4/11/2021,900666,36.4%,504407,51.0%,32000,35%,35600,35%,9742,52.3%,666435,78.2%
4/10/2021,1392745,42.4%,790023,56.4%,46000,40%,66800,45%,12713,72.0%,822112,86.8%
4/9/2021,2030410,35.5%,1144311,51.2%,87100,28%,71000,25%,21978,75.5%,895229,89.4%
4/8/2021,2017306,34.6%,1177833,50.3%,86700,28%,68000,24%,22579,71.9%,877834,90.3%
4/7/2021,1989179,33.9%,1172362,49.9%,85500,28%,66700,23%,23469,73.4%,858593,90.3%
4/6/2021,1946071,33.8%,1155101,49.9%,85800,28%,66200,23%,21695,71.7%,840351,91.9%
4/5/2021,1822134,32.8%,1088750,47.6%,87000,28%,67700,24%,19970,70.5%,832239,91.4%
4/4/2021,951260,40.6%,519812,52.2%,40900,45%,47700,46%,11632,60.1%,749910,83.9%
4/3/2021,1319964,46.6%,750682,62.8%,47700,42%,68800,46%,12735,86.1%,779701,83.2%
4/2/2021,1760768,37.0%,958085,54.3%,79800,26%,66800,23%,18839,77.0%,845252,86.8%
4/1/2021,1845249,31.2%,1030209,43.6%,77300,25%,55500,19%,20490,65.2%,856466,87.8%
3/31/2021,1812072,30.8%,995873,41.9%,84900,27%,61600,22%,20374,63.1%,833052,89.2%
3/30/2021,1885343,32.7%,1079381,46.0%,91300,29%,65600,24%,21019,70.3%,842154,92.9%
3/29/2021,1745540,31.4%,1002597,43.7%,86500,28%,62400,23%,18543,65.0%,763647,85.1%
3/28/2021,807247,35.7%,459949,46.5%,28300,33%,29900,32%,9104,52.2%,601860,73.7%
3/27/2021,1374266,42.3%,781981,55.9%,47500,44%,63600,47%,12900,74.7%,841595,90.6%
3/26/2021,1941782,34.7%,1091753,49.0%,84400,27%,64500,23%,20805,72.7%,865970,87.8%
3/25/2021,1929515,33.3%,1127964,48.4%,83600,27%,61200,22%,21763,71.3%,847633,87.6%
3/24/2021,1831662,32.0%,1075968,46.6%,79600,25%,56500,20%,21651,68.8%,794315,85.8%
3/23/2021,1883301,33.1%,1133504,48.3%,83100,27%,58700,21%,21590,71.2%,810243,89.5%
3/22/2021,1805084,33.3%,1095241,48.5%,84200,27%,61100,22%,20427,71.7%,788542,88.7%
3/21/2021,1013386,41.9%,579358,53.8%,34700,40%,37600,40%,10358,56.1%,735673,84.4%
3/20/2021,1307403,43.2%,768908,57.9%,41700,39%,54900,40%,12558,76.1%,787777,89.0%
3/19/2021,1910080,34.7%,1083647,50.6%,80000,26%,60700,22%,20357,72.4%,863187,89.6%
3/18/2021,1774375,31.9%,1019472,46.7%,76500,24%,55400,20%,20264,69.3%,799478,87.0%
3/17/2021,1869879,32.8%,1103979,47.1%,81400,26%,58400,21%,22323,70.0%,808876,87.6%
3/16/2021,1801682,32.0%,1062179,45.6%,77700,25%,56400,20%,20903,68.3%,786996,86.6%
3/15/2021,1733288,32.1%,1023990,45.5%,79300,25%,55800,20%,19986,71.4%,774146,86.7%
3/14/2021,923968,37.9%,531754,51.6%,30400,35%,31800,34%,9732,53.3%,673170,79.8%
3/13/2021,1257372,39.4%,730218,53.9%,38500,36%,52300,39%,11932,70.5%,776744,85.8%
3/12/2021,1917972,34.0%,1092388,49.0%,82400,26%,63200,23%,21724,74.8%,873014,87.5%
3/11/2021,1885584,32.4%,1107502,47.0%,80400,26%,59000,21%,22617,72.3%,836773,86.7%
3/10/2021,1852702,32.0%,1104610,47.0%,78100,25%,58100,21%,22774,71.1%,804700,86.6%
3/9/2021,1837670,31.9%,1101988,47.3%,79300,25%,57700,21%,22200,72.4%,791512,87.2%
3/8/2021,1722930,31.0%,1039763,45.4%,79400,25%,56100,20%,20685,71.8%,767707,85.0%
3/7/2021,894177,42.3%,525930,58.6%,29300,34%,30700,33%,9843,57.3%,662461,86.1%
3/6/2021,1167887,37.5%,696719,51.0%,37200,34%,45300,33%,11951,68.4%,728236,81.3%
3/5/2021,1829185,32.2%,1041408,46.9%,79100,25%,58600,21%,21842,75.3%,846071,85.9%
3/4/2021,1812200,31.4%,1078036,47.6%,78600,25%,55100,20%,21727,70.0%,807284,86.1%
3/3/2021,1850000,32.5%,1119137,50.0%,78800,25%,55500,20%,22823,72.4%,798577,88.1%
3/2/2021,1752983,30.6%,1024511,44.7%,75300,24%,51600,19%,20640,67.3%,763489,85.1%
3/1/2021,1699607,39.4%,1020837,64.5%,74400,24%,51300,19%,20359,86.0%,747909,109.0%
2/28/2021,811043,36.1%,491545,50.2%,23800,30%,27700,30%,8910,53.1%,619960,78.8%
2/27/2021,1074256,37.7%,635820,50.8%,28800,29%,38900,30%,11319,62.7%,681969,81.0%
2/26/2021,1826171,33.1%,1065376,49.5%,76700,25%,56500,21%,21911,68.7%,851052,88.5%
2/25/2021,1801708,31.7%,1069420,48.2%,75000,25%,53400,20%,22138,68.0%,814611,87.9%
2/24/2021,1809852,32.2%,1099351,48.9%,74800,24%,53500,20%,23223,69.5%,797488,89.7%
2/23/2021,1733604,31.1%,1040398,46.8%,73500,24%,51600,19%,20852,65.0%,759850,87.0%
2/22/2021,1585133,29.3%,927414,41.7%,69700,23%,48900,18%,19015,62.8%,691608,80.4%
2/21/2021,837051,36.8%,516715,51.1%,25200,32%,27300,30%,9195,45.8%,605395,76.1%
2/20/2021,1111970,38.0%,679240,53.9%,30900,31%,41200,31%,10578,60.2%,657045,79.0%
2/19/2021,1568728,30.3%,809308,43.0%,64100,21%,48700,18%,14172,47.5%,608152,65.4%
2/18/2021,1384407,25.8%,725951,36.5%,58000,19%,43000,16%,15843,50.2%,456327,50.3%
2/17/2021,1736509,32.4%,1061711,52.2%,74200,24%,53700,20%,22336,68.0%,821333,93.1%
2/16/2021,1630739,31.7%,963223,49.6%,72700,24%,49900,19%,19126,61.5%,726224,84.7%
2/15/2021,1220357,38.1%,726412,53.3%,65700,21%,30000,33%,11437,70.0%,641883,81.2%
2/14/2021,858877,36.8%,479319,49.4%,23400,29%,28200,31%,7835,40.5%,551288,72.8%
2/13/2021,1093261,39.3%,656637,57.9%,29300,30%,40800,31%,11669,71.0%,666722,81.0%
2/12/2021,1709253,30.8%,965421,45.8%,72100,24%,53700,20%,20165,65.2%,803912,82.2%
2/11/2021,1717804,30.3%,1005348,45.5%,70200,23%,50500,19%,20144,61.2%,755367,82.5%
2/10/2021,1753405,31.5%,1052021,46.4%,71300,23%,50100,19%,22169,64.8%,769088,87.4%
2/9/2021,1669590,29.8%,992290,44.5%,69500,23%,47600,18%,19386,59.0%,682085,79.2%
2/8/2021,1642828,30.5%,964007,44.9%,71000,23%,50900,19%,17786,59.1%,701146,82.9%
2/7/2021,653257,29.0%,367095,37.0%,17100,22%,19400,21%,7115,36.3%,340122,44.4%
2/6/2021,1149757,38.6%,715717,55.7%,29200,30%,40300,31%,12020,66.4%,689415,83.0%
2/5/2021,1744130,31.6%,1001775,47.5%,68900,23%,51300,19%,20136,65.4%,766091,83.7%
2/4/2021,1789214,31.6%,1033791,47.2%,71300,23%,51000,19%,20328,63.3%,742193,83.9%
2/3/2021,1705655,30.0%,949695,41.5%,69100,23%,49700,18%,16869,50.1%,656614,74.9%
2/2/2021,1007502,18.0%,543073,24.0%,22800,7%,30600,11%,8155,25.2%,311607,36.4%
2/1/2021,584184,10.9%,337228,15.4%,8600,3%,16700,6%,12202,40.5%,156759,18.3%
1/31/2021,723473,32.3%,427945,44.1%,23100,28%,28400,26%,8616,43.6%,573512,81.5%
1/30/2021,943426,32.8%,566837,45.3%,26600,27%,40800,26%,10284,60.9%,652550,82.6%
1/29/2021,1514326,28.0%,812264,38.3%,65100,22%,49700,18%,19047,61.1%,780131,83.6%
1/28/2021,1650014,29.2%,950205,43.2%,70000,23%,52000,19%,20139,63.8%,768600,89.1%
1/27/2021,1663376,29.5%,1004792,45.1%,70400,23%,50500,18%,19841,60.9%,740154,84.8%
1/26/2021,1553918,27.8%,911579,40.8%,68200,23%,49300,18%,18115,57.4%,653068,76.4%
1/25/2021,1595694,30.4%,978987,46.7%,73100,24%,52100,19%,19991,67.5%,727393,86.2%
1/24/2021,741960,31.8%,458203,45.7%,24000,29%,29000,27%,8317,45.0%,560522,73.3%
1/23/2021,998665,38.3%,619673,60.1%,27900,29%,42700,27%,10536,65.7%,640381,86.0%
1/22/2021,1675175,31.4%,1018584,49.2%,71300,24%,54000,19%,20375,66.9%,787474,84.8%
1/21/2021,1656100,30.4%,1007042,47.3%,71200,24%,52000,19%,19925,62.8%,760221,85.4%
1/20/2021,1578038,29.1%,921371,43.2%,67900,22%,50000,18%,19281,59.2%,712711,82.2%
1/19/2021,1639243,30.8%,1013616,48.8%,72600,24%,52600,19%,21049,67.2%,736254,85.1%
1/18/2021,1279119,40.1%,766926,58.8%,68700,23%,31900,11%,14124,90.3%,689251,86.5%
1/17/2021,798564,35.0%,504031,53.4%,24200,29%,32900,31%,9880,58.1%,580771,82.7%
1/16/2021,992599,38.3%,645625,63.6%,27100,28%,43400,28%,11654,82.6%,631135,98.1%
1/15/2021,1630098,30.5%,981817,48.3%,70200,23%,54000,19%,21819,71.6%,788779,82.8%
1/14/2021,1650630,29.9%,1017757,47.3%,70900,23%,52500,19%,21950,69.1%,754071,83.3%
1/13/2021,1644812,29.8%,996646,44.7%,70600,23%,51700,19%,22720,68.3%,737859,83.3%
1/12/2021,1643725,30.3%,997279,45.9%,71400,24%,52100,19%,21623,67.4%,730831,84.9%
1/11/2021,1571330,30.1%,966517,44.6%,72300,24%,51400,18%,21089,70.5%,708058,83.6%
1/10/2021,763690,33.3%,501437,50.4%,23800,29%,29300,27%,9467,48.9%,564543,74.6%
1/9/2021,991218,33.0%,643475,49.4%,27000,28%,42900,27%,12023,65.6%,630790,76.0%
1/8/2021,1622259,29.7%,982175,46.0%,68600,23%,51500,18%,21641,70.1%,754548,82.6%
1/7/2021,1614248,29.5%,989097,46.8%,69700,23%,51000,18%,21571,68.4%,736609,83.0%
1/6/2021,1616889,29.7%,996123,46.5%,70300,23%,50800,18%,22795,70.9%,726679,85.2%
1/5/2021,1600910,29.6%,990479,46.0%,70400,23%,51000,18%,21641,68.5%,708610,84.2%
1/4/2021,1561237,29.8%,964597,46.1%,71100,23%,50900,18%,20612,69.2%,688045,82.7%
1/3/2021,653915,28.7%,413820,43.9%,20800,25%,25200,23%,9745,52.3%,496494,70.6%
1/2/2021,989612,35.2%,608686,51.3%,28900,29%,44500,28%,10450,65.4%,624765,84.5%
1/1/2021,614497,26.6%,378288,50.0%,29000,10%,8200,8%,5960,69.8%,445950,53.8%
12/31/2020,1277146,32.0%,780869,49.0%,75200,24%,21600,20%,17167,68.9%,704297,86.0%
12/30/2020,1585476,36.6%,935138,60.9%,79300,25%,58000,21%,20922,85.0%,799839,119.7%
12/29/2020,1558295,36.0%,918291,59.8%,78900,25%,56200,20%,19717,80.1%,759864,95.9%
12/28/2020,1513195,34.9%,902574,58.8%,81600,26%,58500,21%,18820,76.5%,743305,90.9%
12/27/2020,761251,30.2%,469973,49.9%,34400,32%,33200,31%,9457,52.7%,594862,76.1%
12/26/2020,880184,28.2%,555857,46.0%,36000,28%,42400,27%,9094,59.9%,593895,69.7%
12/25/2020,485839,27.9%,312707,46.8%,51300,16%,7300,7%,8611,58.2%,476547,53.5%
12/24/2020,1314656,36.0%,813353,53.3%,75800,24%,54600,20%,15928,71.7%,760624,89.6%
12/23/2020,1775738,37.4%,1033609,56.5%,84400,27%,59700,21%,23305,86.3%,864271,112.9%
12/22/2020,1764202,37.2%,1031789,56.4%,82000,26%,56400,20%,22820,84.5%,814975,90.1%
12/21/2020,1719279,36.2%,1011638,55.3%,81200,26%,56800,20%,21647,80.2%,777049,83.9%
12/20/2020,822001,30.8%,516601,49.5%,32600,31%,30500,28%,9585,48.3%,555254,66.2%
12/19/2020,1112852,35.0%,669751,52.9%,41100,32%,46600,30%,11589,66.5%,651814,71.8%
12/18/2020,1738727,30.7%,938457,45.2%,74900,24%,54400,19%,17537,56.2%,736356,74.2%
12/17/2020,1081431,18.8%,525802,25.7%,21400,7%,17600,6%,9940,31.2%,297298,30.5%
12/16/2020,1571978,26.5%,854245,38.7%,68100,22%,47600,17%,19296,57.5%,625006,66.2%
12/15/2020,1786741,31.4%,1076717,52.7%,78400,25%,54600,20%,23432,74.2%,819063,94.6%
12/14/2020,1587068,27.7%,950309,43.6%,75000,24%,51500,18%,21333,70.6%,723908,79.9%
12/13/2020,911519,32.4%,579527,55.0%,39300,37%,36800,34%,10208,51.7%,659446,78.4%
12/12/2020,1091372,31.6%,704357,54.9%,41800,33%,46400,30%,12307,69.2%,671668,76.2%
12/11/2020,1789568,30.2%,1053576,49.9%,79700,25%,55900,20%,22751,74.2%,821871,83.9%
12/10/2020,1764682,29.0%,1066582,47.7%,76800,24%,52800,19%,22845,70.0%,784406,80.1%
12/9/2020,1705159,28.7%,1017090,46.0%,74700,24%,50900,18%,22459,72.3%,749886,85.0%
12/8/2020,1544078,26.0%,1029646,46.0%,75000,24%,51900,19%,22177,67.8%,744112,81.8%
12/7/2020,1659836,29.5%,1018044,49.5%,77800,25%,52600,19%,21424,71.7%,729674,83.3%
12/6/2020,879278,32.9%,545433,52.7%,35100,33%,31900,30%,9904,50.5%,590525,71.5%
12/5/2020,1001236,28.4%,619735,46.9%,33500,26%,37900,24%,10151,54.8%,572557,63.9%
12/4/2020,1704749,28.6%,1012813,46.0%,72100,23%,51700,19%,21960,70.9%,775709,79.3%
12/3/2020,1739370,28.7%,1056963,46.3%,75100,24%,52000,19%,22941,69.8%,767310,79.5%
12/2/2020,1703245,28.5%,1018368,44.5%,73600,23%,50500,18%,22712,67.3%,746840,80.2%
12/1/2020,1709780,29.3%,1051162,47.1%,73600,23%,50200,18%,21693,71.7%,752069,83.9%
11/30/2020,1462166,27.7%,819615,41.8%,80000,24%,54200,19%,19751,75.3%,652664,85.4%
11/29/2020,827800,40.7%,545820,66.6%,32600,35%,34400,33%,9360,62.3%,631799,86.9%
11/28/2020,1034026,37.1%,684962,55.9%,37800,33%,45600,30%,10808,75.7%,649087,71.9%
11/27/2020,1265519,36.3%,812188,57.3%,77300,24%,12300,12%,12395,83.0%,671214,83.6%
11/26/2020,653123,30.8%,443386,54.3%,72600,22%,10700,10%,12151,56.8%,564193,62.5%
11/25/2020,1691393,32.0%,1032401,48.2%,93400,28%,67200,23%,21450,77.9%,853222,86.4%
11/24/2020,1739107,29.8%,1064087,46.2%,89800,27%,61100,21%,22814,71.6%,821450,82.3%
11/23/2020,1649748,28.8%,1002977,44.1%,87700,27%,59500,21%,21297,71.2%,755375,83.4%
11/22/2020,818055,36.3%,543514,58.3%,31000,33%,31900,31%,10694,59.0%,598349,79.2%
11/21/2020,1157976,36.3%,750818,55.3%,39200,34%,51200,34%,13193,77.6%,742369,82.8%
11/20/2020,1803896,31.1%,1073124,49.0%,87400,27%,60400,21%,22945,75.4%,843069,86.2%
11/19/2020,1761064,29.3%,1058467,45.4%,84700,26%,57800,20%,21780,67.2%,800461,83.3%
11/18/2020,1791183,30.2%,1072627,46.1%,84100,26%,57700,20%,23390,69.8%,776422,83.7%
11/17/2020,1792431,30.4%,1094353,47.1%,87000,26%,58600,20%,22524,69.0%,764725,84.1%
11/16/2020,1745282,31.1%,1051458,48.4%,89500,27%,61400,21%,21851,73.5%,757988,85.9%
11/15/2020,821555,33.7%,524515,51.9%,30900,33%,32900,32%,9763,51.5%,596389,72.7%
11/14/2020,1215491,37.6%,755714,57.4%,41400,36%,58000,38%,12928,74.0%,735029,81.4%
11/13/2020,1820025,31.0%,1061880,47.6%,86300,26%,61000,21%,22054,70.4%,821059,82.9%
11/12/2020,1780212,30.0%,1058761,46.2%,86200,26%,58200,20%,22059,67.4%,779141,81.2%
11/11/2020,1617862,33.7%,968853,53.4%,83300,25%,21200,20%,20263,91.7%,713640,77.8%
11/10/2020,1840750,31.6%,1146090,52.2%,91500,28%,63000,22%,23138,71.7%,800965,90.2%
11/9/2020,1756175,30.2%,1099361,50.1%,91700,28%,62400,22%,21444,67.9%,773217,91.0%
11/8/2020,928516,36.9%,584868,55.6%,38500,41%,44000,42%,10474,54.0%,726041,84.6%
11/7/2020,1246356,38.5%,749502,57.3%,46400,40%,66300,44%,13409,75.6%,790712,86.5%
11/6/2020,1840860,31.4%,1114000,51.0%,89500,27%,65000,23%,22659,76.5%,858167,87.5%
11/5/2020,1797589,29.8%,1125820,48.1%,87000,26%,59900,21%,22937,71.1%,818991,85.8%
11/4/2020,1693937,28.1%,1083036,45.5%,81600,25%,56400,20%,22174,66.6%,754704,80.6%
11/3/2020,1606096,29.0%,1017551,48.4%,82100,25%,58100,20%,20416,67.0%,720562,80.8%
11/2/2020,1751443,30.1%,1064298,46.0%,87200,27%,59400,21%,21127,70.1%,772129,84.0%
11/1/2020,786678,27.3%,510667,51.5%,29500,31%,35500,34%,10180,60.2%,660915,85.1%
10/31/2020,1174079,35.0%,724129,52.2%,41500,37%,63600,42%,12816,70.3%,743811,80.3%
10/30/2020,1771288,29.7%,1004498,44.4%,84300,27%,65900,23%,21243,70.2%,824680,83.2%
10/29/2020,1708611,29.6%,974119,44.8%,81800,26%,60300,21%,20925,72.1%,776467,87.6%
10/28/2020,1823028,30.3%,1109591,47.0%,86700,28%,64000,22%,23258,72.5%,801966,86.6%
10/27/2020,1818884,30.4%,1138746,49.0%,87400,28%,64400,22%,21870,70.3%,789371,86.4%
10/26/2020,1694080,29.4%,1058119,45.6%,86700,28%,64800,22%,20817,72.0%,760604,83.2%
10/25/2020,885001,40.2%,576930,66.2%,33700,37%,45000,43%,10074,58.8%,725809,93.4%
10/24/2020,1185612,35.5%,780710,55.8%,43600,38%,72200,47%,12916,72.4%,805454,84.6%
10/23/2020,1846268,31.2%,1128035,49.2%,89900,29%,71100,24%,21766,72.2%,881995,87.6%
10/22/2020,1829135,29.9%,1146065,48.1%,88700,28%,67000,23%,22391,69.7%,845064,85.8%
10/21/2020,1816797,30.0%,1147375,47.8%,86200,27%,65200,22%,22959,70.1%,806738,85.4%
10/20/2020,1784090,30.7%,1127897,49.8%,86600,28%,63500,22%,21936,73.1%,790018,90.3%
10/19/2020,1722723,30.4%,1104658,48.2%,89200,28%,66000,23%,20812,75.7%,782239,89.5%
10/18/2020,897886,36.9%,585376,59.8%,34700,38%,48700,46%,9998,53.7%,752262,90.2%
10/17/2020,1211061,36.0%,780003,56.4%,43800,39%,70500,46%,11831,67.0%,794520,83.3%
10/16/2020,1674686,27.9%,986166,43.2%,83800,27%,64900,22%,20776,69.0%,820106,79.7%
10/15/2020,1857822,30.5%,1154164,49.8%,90300,29%,67700,23%,22834,72.8%,866245,89.3%
10/14/2020,1842638,31.5%,1161893,52.9%,89200,28%,66700,23%,23169,74.5%,824529,90.7%
10/13/2020,1718853,29.2%,1067179,45.4%,76600,24%,62700,22%,20909,69.0%,765671,83.7%
10/12/2020,1286892,30.2%,770512,47.1%,76800,24%,59300,20%,15722,82.6%,685982,80.4%
10/11/2020,849518,31.9%,564046,52.3%,34600,38%,45700,43%,9470,51.2%,692669,77.4%
10/10/2020,1171657,35.9%,770914,55.9%,44500,39%,77300,51%,12627,72.2%,823775,87.6%
10/9/2020,1811779,30.9%,1114870,48.9%,78700,25%,72400,25%,21274,71.3%,896404,86.9%
10/8/2020,1801918,29.8%,1128062,47.5%,88000,28%,65600,23%,21964,69.8%,845788,87.0%
10/7/2020,1774408,36.3%,1124542,61.3%,87100,28%,64300,22%,23027,82.3%,814866,100.0%
10/6/2020,1762320,30.8%,1133242,49.1%,87700,28%,65100,22%,21475,70.6%,802900,91.4%
10/5/2020,1682379,29.4%,1092193,46.5%,88700,28%,62900,22%,19971,68.5%,783540,86.7%
10/4/2020,853591,33.9%,566754,52.7%,35000,38%,43900,42%,10010,52.0%,706562,81.2%
10/3/2020,1168073,35.0%,773305,54.9%,45000,40%,68900,45%,12759,72.0%,810626,86.6%
10/2/2020,1794201,29.9%,1109459,47.5%,87300,28%,67100,23%,21626,72.4%,891268,88.7%
10/1/2020,1813961,30.1%,1150563,49.8%,86100,27%,62100,21%,22309,70.6%,870606,92.9%
9/30/2020,1744524,29.3%,1077000,45%,89200,27%,61500,21%,21424,69.0%,822683,88.9%
9/29/2020,1664896,32.1%,1023100,50%,88400,27%,59700,21%,20517,73.6%,790861,90.5%
9/28/2020,1492611,31.3%,955300,50%,89700,27%,63800,22%,17678,74.1%,753159,86.7%
9/27/2020,846184,33.3%,586900,54%,40000,40%,45200,43%,9491,50.7%,731091,79.6%
9/26/2020,1120175,34.9%,756300,54%,47200,40%,66800,44%,12128,71.2%,824515,84.9%
9/25/2020,1765299,30.0%,1077600,47%,92500,28%,67900,24%,21233,74.1%,912599,89.3%
9/24/2020,1726180,28.5%,1070500,45%,89100,27%,62400,22%,21554,70.4%,857578,88.1%
9/23/2020,1739043,28.7%,1093600,45%,89000,27%,62300,22%,22501,70.8%,834469,88.0%
9/22/2020,1702325,28.3%,1061900,45%,87400,27%,61000,21%,21103,70.2%,808351,87.6%
9/21/2020,1627636,28.3%,1021200,44%,89700,27%,61800,21%,19488,69.5%,788505,85.4%
9/20/2020,828365,31.7%,585500,52%,39000,39%,41800,40%,9269,49.5%,705596,75.5%
9/19/2020,1137948,34.2%,761600,53%,46800,40%,64600,42%,12246,69.3%,802614,82.5%
9/18/2020,1728810,28.9%,1074200,46%,90700,28%,65700,23%,20702,71.7%,894931,88.2%
9/17/2020,1695985,28.1%,1060400,44%,86900,27%,61500,21%,21005,67.8%,848024,86.5%
9/16/2020,1690405,28.2%,1075300,44%,87000,27%,60700,21%,22070,68.7%,816708,86.4%
9/15/2020,1681774,28.2%,1087600,45%,87000,27%,60800,21%,20763,67.6%,815700,87.6%
9/14/2020,1607896,28.3%,1044500,44%,89500,27%,60900,21%,19888,70.4%,799573,86.1%
9/13/2020,796744,31.1%,577400,52%,36700,37%,38100,36%,9315,50.4%,703809,76.5%
9/12/2020,1083727,34.6%,759700,55%,44500,38%,60500,40%,12349,73.1%,800190,85.2%
9/11/2020,1693776,28.8%,1072600,46%,88600,27%,65100,23%,20809,70.6%,895766,88.1%
9/10/2020,1547065,26.0%,989000,41%,82100,25%,57100,20%,20181,64.9%,801431,82.5%
9/9/2020,1613662,27.1%,1081700,44%,86100,26%,61500,21%,21801,69.1%,825412,88.1%
9/8/2020,1559312,26.4%,1032900,43%,90600,28%,63300,22%,19806,63.8%,833996,89.9%
9/7/2020,872174,39.1%,650300,69%,80000,24%,40300,14%,9261,97.0%,697865,76.0%
9/6/2020,819600,32.6%,580400,53%,44700,45%,45400,43%,10160,53.7%,753036,83.8%
9/5/2020,1013746,31.5%,740100,52%,50500,43%,64700,42%,12118,71.5%,798823,85.5%
9/4/2020,1571533,27.9%,1034500,48%,88300,27%,64200,22%,20223,70.4%,936602,96.4%
9/3/2020,1532512,26.6%,1030700,45%,82600,25%,58000,20%,19992,66.0%,869126,90.9%
9/2/2020,1491161,27.1%,994000,46%,77600,24%,53000,18%,19990,65.6%,810144,86.4%
9/1/2020,1472491,27.7%,996600,47%,76500,23%,53100,18%,18929,66.1%,809685,85.1%
8/31/2020,1400448,26.4%,987400,46%,78100,25%,52700,19%,18185,63.5%,817544,110.3%
8/30/2020,748886,30.0%,822300,76%,45100,43%,41600,40%,9752,52.1%,805096,89.8%
8/29/2020,774465,26.6%,892800,67%,37600,28%,41300,27%,9814,60.0%,645956,68.6%
8/28/2020,1391299,28.3%,1333400,67%,76100,24%,53100,19%,18845,70.5%,899892,87.0%
8/27/2020,1361128,25.8%,1274100,61%,73100,23%,48800,18%,19271,68.9%,847285,83.0%
8/26/2020,1410651,27.1%,1361400,67%,76600,24%,50800,19%,20659,71.2%,859625,91.0%
8/25/2020,1349335,25.9%,1273400,62%,73300,23%,49700,18%,18682,66.3%,821597,87.3%
8/24/2020,1310101,26.9%,1270700,66%,75100,24%,50100,18%,17643,69.5%,815665,88.1%
8/23/2020,672193,28.8%,783200,71%,37900,36%,35300,34%,8297,46.8%,737097,79.4%
8/22/2020,883393,30.4%,998700,73%,49100,37%,51600,34%,11456,69.3%,812308,82.5%
8/21/2020,1390232,28.5%,1335800,70%,76100,24%,53000,19%,19035,70.3%,909773,89.9%
8/20/2020,1413449,27.7%,1352700,68%,75600,24%,50900,19%,19344,68.3%,889782,89.3%
8/19/2020,1294931,25.5%,1212800,61%,70100,22%,47700,17%,19915,68.3%,816805,85.8%
8/18/2020,1372568,26.9%,1307400,65%,74200,24%,47900,18%,19274,68.1%,838008,88.0%
8/17/2020,1307543,27.1%,1275000,66%,74500,24%,49400,18%,17377,66.9%,806108,85.7%
8/16/2020,554980,24.4%,622000,57%,29900,29%,28500,27%,7902,44.1%,620686,68.1%
8/15/2020,861763,30.1%,1001000,72%,46800,35%,51400,34%,11487,69.2%,804346,84.9%
8/14/2020,1358798,27.1%,1321800,67%,72900,23%,50700,19%,18113,66.9%,893657,88.6%
8/13/2020,1294248,24.3%,1198800,58%,69200,22%,46500,17%,18608,64.6%,819019,82.1%
8/12/2020,1302087,24.8%,1227500,61%,68300,22%,46800,17%,19346,64.5%,800865,84.6%
8/11/2020,1322978,25.7%,1256400,64%,72400,23%,46700,17%,18546,65.8%,821976,90.7%
8/10/2020,1278263,25.4%,1243700,63%,73500,24%,46800,17%,18178,69.4%,826001,87.3%
8/9/2020,663642,26.8%,766700,70%,37600,36%,32200,31%,8287,46.5%,744618,81.4%
8/8/2020,834093,27.6%,962000,70%,41700,31%,43600,29%,10613,62.4%,730739,74.7%
8/7/2020,1286635,24.9%,1256300,62%,66000,21%,42400,16%,17502,63.9%,844097,82.5%
8/6/2020,1337819,24.6%,1241800,59%,66700,21%,38800,14%,19117,65.8%,847497,84.7%
8/5/2020,1351026,25.7%,1305000,66%,58000,19%,36900,14%,18299,62.3%,847330,92.5%
8/4/2020,1028686,19.2%,968100,46%,36800,12%,31100,11%,14924,51.2%,577415,61.8%
8/3/2020,1275951,24.8%,1268300,62%,70800,23%,45900,17%,17594,65.6%,818732,87.0%
8/2/2020,590675,24.1%,707000,62%,30500,29%,28100,27%,7431,40.2%,648735,70.1%
8/1/2020,843372,28.0%,969300,69%,44400,33%,48700,32%,10685,64.1%,799745,85.2%
7/31/2020,1260968,24.1%,1220700,60%,67600,21%,50900,18%,17654,64.5%,859774,84.3%
7/30/2020,1272918,23.3%,1224100,57%,69000,22%,48600,17%,17333,59.9%,820275,81.2%
7/29/2020,1298880,24.2%,1273100,62%,70000,22%,48500,17%,18216,61.8%,816959,86.5%
7/28/2020,1244405,23.0%,1210600,57%,66700,21%,45800,16%,16892,58.3%,782226,82.5%
7/27/2020,1206129,23.4%,1185000,57%,70100,22%,45700,16%,16607,62.9%,793225,84.1%
7/26/2020,607452,24.9%,721100,64%,36200,35%,32300,30%,7429,41.0%,697533,73.3%
7/25/2020,817403,26.8%,967300,69%,43300,34%,47600,31%,10350,61.3%,769898,78.2%
7/24/2020,1220649,23.0%,1134300,56%,65900,21%,49000,17%,17311,62.7%,826030,79.6%
7/23/2020,1236427,22.2%,1180200,55%,65600,21%,47000,17%,17056,58.1%,791577,78.1%
7/22/2020,1236384,22.1%,1189100,54%,65300,21%,46700,17%,17582,57.9%,784013,80.1%
7/21/2020,1244544,23.6%,1204300,59%,67600,21%,48000,17%,16831,57.9%,792955,86.7%
7/20/2020,1159163,22.9%,1130400,57%,67700,21%,46800,17%,15957,60.6%,770607,84.4%
7/19/2020,585498,26.9%,692800,67%,36400,35%,29900,28%,7052,45.6%,696110,79.7%
7/18/2020,779722,29.5%,913700,72%,41200,32%,45500,29%,9785,65.2%,747445,80.8%
7/17/2020,1209692,23.2%,1176200,57%,64800,20%,47400,17%,16401,60.8%,819471,79.7%
7/16/2020,1251884,23.1%,1211800,59%,66700,21%,47400,17%,17230,59.5%,819850,83.8%
7/15/2020,1251164,22.8%,1229000,58%,66500,21%,46900,17%,18149,59.5%,803399,84.8%
7/14/2020,1243749,22.4%,1211300,56%,66300,21%,46200,16%,17081,56.9%,794838,83.1%
7/13/2020,1178204,22.2%,1144100,55%,66400,21%,46200,16%,15928,59.0%,756123,79.6%
7/12/2020,628918,25.8%,727700,64%,34900,33%,31800,30%,7395,41.1%,703590,74.1%
7/11/2020,693789,22.9%,852600,59%,30100,24%,35300,23%,8453,49.3%,625288,62.9%
7/10/2020,1032749,19.1%,926800,45%,55900,18%,39700,14%,15738,56.6%,712635,70.0%
7/9/2020,1213851,22.1%,1195700,57%,65500,21%,45500,16%,17017,57.4%,818034,84.3%
7/8/2020,1174733,21.1%,1114900,51%,63000,20%,43400,15%,16980,56.5%,758208,79.1%
7/7/2020,1159588,21.2%,1118800,52%,61800,20%,44100,16%,16003,53.7%,749833,79.0%
7/6/2020,1087178,21.2%,1030200,50%,63900,20%,44300,16%,14886,55.0%,750584,81.2%
7/5/2020,534220,23.1%,658700,60%,34600,33%,30600,29%,6280,34.7%,659099,75.2%
7/4/2020,592295,22.8%,754900,59%,38400,30%,41800,27%,8391,57.9%,569212,71.7%
7/3/2020,853015,31.3%,968200,87%,56200,18%,42900,15%,10915,83.8%,713240,83.4%
7/2/2020,1172848,22.4%,1178500,57%,64300,20%,45500,16%,15981,53.4%,881471,114.6%
7/1/2020,1122842,21.5%,1102200,53%,56500,18%,40000,14%,16451,55.0%,779409,77.2%
6/30/2020,1115510,20.9%,1082000,52%,58000,17%,40900,14%,15291,51.8%,758785,80.1%
6/29/2020,1103086,21.2%,1087500,53%,63300,19%,42600,14%,14705,55.2%,767165,80.1%
6/28/2020,536488,17.7%,641800,58%,25700,26%,26200,24%,5748,33.7%,623131,66.8%
6/27/2020,616084,19.3%,753900,57%,26800,22%,34800,22%,8541,53.1%,630731,65.2%
6/26/2020,1104497,20.2%,1130100,57%,55600,17%,41500,14%,15048,54.0%,830887,79.5%
6/25/2020,1081006,19.1%,1088500,52%,53400,16%,38200,13%,14854,50.2%,781618,74.8%
6/24/2020,1070527,18.5%,1099900,49%,52400,16%,38000,13%,15155,49.3%,752750,74.1%
6/23/2020,1053005,19.0%,1086200,52%,52900,16%,37600,13%,15069,50.5%,744822,77.9%
6/22/2020,1002073,18.5%,1016200,48%,53900,16%,38400,13%,13314,49.0%,733291,74.8%
6/21/2020,449497,17.1%,592400,53%,27100,28%,27600,25%,6328,33.8%,654914,67.6%
6/20/2020,576097,17.4%,768500,55%,29000,24%,36000,23%,8185,47.0%,666226,66.4%
6/19/2020,988680,17.8%,1035300,55%,50200,15%,38800,13%,13868,48.6%,797519,77.7%
6/18/2020,944318,16.6%,977700,48%,47900,14%,35800,12%,13808,46.1%,729487,73.0%
6/17/2020,950318,16.6%,977200,45%,47200,14%,36300,12%,14595,46.8%,709680,73.2%
6/16/2020,934545,16.7%,961000,46%,46900,14%,34100,12%,12939,42.9%,695359,74.7%
6/15/2020,898925,16.5%,940900,43%,47500,14%,34500,12%,12953,47.5%,674785,71.0%
6/14/2020,430446,18.5%,571200,55%,20900,21%,22700,21%,5195,27.9%,563725,60.5%
6/13/2020,545333,17.0%,706800,50%,25400,21%,32400,20%,7794,43.4%,631065,62.5%
6/12/2020,898314,15.7%,966300,43%,45100,14%,33700,11%,13224,45.8%,765492,73.5%
6/11/2020,819873,14.4%,830100,38%,41000,12%,29100,10%,12514,42.4%,656696,67.6%
6/10/2020,858782,14.6%,914700,39%,43100,13%,30800,10%,13616,42.5%,680270,69.4%
6/9/2020,843968,14.7%,916900,41%,42300,13%,29500,10%,12869,43.8%,680462,70.9%
6/8/2020,806138,15.3%,863400,42%,42600,13%,30500,10%,11957,45.9%,644830,73.5%
6/7/2020,378085,14.6%,531900,49%,16800,17%,18500,17%,4650,25.9%,538419,60.4%
6/6/2020,464207,14.2%,648000,46%,18100,15%,23600,15%,6591,36.9%,551793,57.0%
6/5/2020,704825,12.4%,772900,35%,33500,10%,25200,9%,11698,40.5%,643562,62.4%
6/4/2020,728018,12.7%,797700,37%,29800,9%,25500,9%,12000,40.2%,650868,64.8%
6/3/2020,683037,11.9%,741200,32%,32500,10%,23500,8%,11962,38.7%,582624,60.3%
6/2/2020,695276,12.6%,724400,34%,33800,10%,24600,8%,11206,37.8%,579412,60.9%
6/1/2020,688520,12.4%,764300,34%,34300,10%,24500,8%,10760,37.8%,595060,62.2%
5/31/2020,344428,13.6%,468300,43%,13600,14%,14700,14%,4216,23.3%,495488,55.3%
5/30/2020,426755,13.5%,622000,44%,15600,13%,20300,13%,6143,35.4%,537180,55.6%
5/29/2020,658353,11.4%,720800,33%,25100,8%,21200,7%,10185,36.5%,598608,57.0%
5/28/2020,659248,11.5%,710800,32%,25200,8%,20400,7%,10030,35.0%,584629,59.9%
5/27/2020,675705,11.9%,719200,33%,26500,8%,21000,7%,11088,37.7%,601140,63.4%
5/26/2020,657939,12.1%,709000,33%,26700,8%,21800,8%,9875,34.9%,587270,63.4%
5/25/2020,394359,15.1%,531600,46%,19300,6%,19000,7%,5428,50.3%,445015,56.5%
5/24/2020,320376,12.6%,461200,43%,11900,12%,14100,14%,4117,22.3%,461171,52.6%
5/23/2020,336250,11.2%,460700,35%,11000,9%,14000,9%,5550,35.0%,394091,43.6%
5/22/2020,634929,11.7%,690200,31%,22800,7%,19900,7%,9782,35.2%,626984,59.6%
5/21/2020,630367,11.1%,655300,30%,22600,7%,19200,7%,9731,32.7%,585553,57.8%
5/20/2020,624793,10.6%,654800,28%,22200,7%,18500,6%,10224,32.7%,542409,54.7%
5/19/2020,611951,10.4%,643600,28%,21600,7%,18700,7%,9290,30.9%,524483,54.1%
5/18/2020,596505,10.7%,624200,28%,22100,7%,19200,7%,8969,32.5%,505315,52.3%
5/17/2020,287755,11.0%,413500,37%,8800,9%,3300,3%,3577,19.1%,391606,41.3%
5/16/2020,361329,10.6%,530600,37%,11100,9%,18400,12%,5947,33.7%,477098,47.9%
5/15/2020,588784,10.3%,671500,30%,20100,6%,45300,16%,9473,33.1%,562991,53.4%
5/14/2020,568315,9.6%,616000,26%,19300,6%,16400,6%,8855,29.4%,520395,51.0%
5/13/2020,566333,9.6%,611300,26%,19400,6%,17200,6%,9437,29.5%,509243,52.1%
5/12/2020,554286,9.6%,594900,26%,19000,6%,16700,6%,8271,27.9%,488406,52.1%
5/11/2020,521702,9.6%,553300,26%,18300,6%,16700,6%,7636,29.0%,458042,50.6%
5/10/2020,272353,13.1%,386000,46%,8000,8%,9200,9%,3962,20.2%,415868,48.8%
5/9/2020,317372,9.9%,462400,32%,7700,6%,11100,7%,5055,27.8%,371426,37.4%
5/8/2020,526865,9.3%,573700,25%,15700,5%,15200,5%,8656,30.4%,483831,47.4%
5/7/2020,536003,9.1%,605600,26%,16100,5%,16200,6%,8509,27.6%,488836,49.5%
5/6/2020,509646,8.7%,538800,22%,14500,5%,14700,5%,8832,27.7%,444179,46.2%
5/5/2020,522979,9.0%,583400,25%,13300,4%,15500,5%,8445,27.3%,462086,49.4%
5/4/2020,512763,9.1%,578300,25%,11200,3%,15800,6%,8287,29.3%,447424,48.2%
5/3/2020,259199,11.1%,375900,45%,3300,3%,7600,7%,3263,18.6%,353314,44.3%
5/2/2020,326354,10.1%,478600,34%,4000,3%,10900,7%,5493,31.2%,401938,43.0%
5/1/2020,495312,8.6%,555300,25%,6200,2%,12400,4%,8332,29.0%,445621,44.1%
4/30/2020,466633,7.9%,488800,21%,9300,3%,14400,5%,7253,24.5%,405169,41.2%
4/29/2020,478589,8.2%,519600,22%,9100,3%,14800,5%,7844,25.5%,410502,43.1%
4/28/2020,490073,8.5%,555600,24%,9200,3%,15400,5%,7542,25.5%,436347,47.0%
4/27/2020,463700,8.3%,518400,23%,8800,3%,15000,5%,6922,25.4%,384124,42.4%
4/26/2020,219096,9.1%,293500,30%,1900,2%,5400,5%,2506,14.3%,231541,27.6%
4/25/2020,295836,9.1%,430800,32%,2900,3%,9100,6%,4719,28.8%,350300,38.0%
4/24/2020,444644,8.8%,475400,27%,7800,3%,13200,5%,7040,27.7%,386935,42.9%
4/23/2020,454300,8.3%,487300,25%,8400,3%,13800,5%,6969,24.9%,386938,41.1%
4/22/2020,459574,8.5%,518900,26%,8700,3%,14100,5%,7496,25.6%,398703,42.3%
4/21/2020,422860,7.8%,450900,22%,8300,3%,13700,5%,6613,23.9%,356099,38.2%
4/20/2020,438622,8.9%,498700,27%,8900,3%,14800,5%,7050,29.5%,371776,40.4%
4/19/2020,224751,9.6%,318100,32%,2200,2%,6000,6%,2742,14.2%,276406,31.4%
4/18/2020,254792,9.0%,352000,29%,2400,2%,7200,5%,4202,28.4%,254735,30.2%
4/17/2020,433106,9.1%,470300,27%,8300,3%,13500,5%,7048,28.8%,378350,39.2%
4/16/2020,421013,7.1%,447000,20%,8500,3%,13800,5%,6563,22.2%,346342,34.6%
4/15/2020,419851,7.0%,454100,19%,8600,3%,13800,5%,6928,22.0%,340213,35.1%
4/14/2020,430946,7.3%,470900,20%,8800,3%,14100,5%,6585,21.9%,356104,37.6%
4/13/2020,363961,6.5%,347800,16%,8200,3%,13000,5%,6205,22.2%,284609,31.3%
4/12/2020,198693,8.0%,279100,28%,2200,2%,5100,5%,2525,13.6%,217871,25.6%
4/11/2020,257467,7.8%,378200,27%,2700,2%,7600,5%,4235,24.0%,254755,26.9%
4/10/2020,400947,7.0%,414100,19%,8200,3%,13000,5%,5378,18.5%,314100,31.4%
4/9/2020,405325,7.0%,401900,17%,8400,3%,12900,4%,6243,19.9%,303481,31.2%
4/8/2020,428206,7.3%,431700,18%,9000,3%,13500,5%,6950,21.7%,324882,34.2%
4/7/2020,435718,7.6%,441000,19%,9300,3%,14100,5%,7041,23.3%,335470,36.7%
4/6/2020,446273,8.0%,454900,20%,10100,3%,14400,5%,7093,25.0%,335769,36.9%
4/5/2020,227603,9.1%,299600,30%,3000,3%,5600,5%,2763,14.4%,209152,23.4%
4/4/2020,282703,8.6%,383400,27%,3700,3%,8100,5%,4375,24.5%,243323,26.0%
4/3/2020,484200,8.5%,483800,22%,9700,3%,13200,5%,7794,27.3%,340273,34.9%
4/2/2020,486468,8.2%,472700,20%,10100,3%,13700,5%,7077,22.5%,339734,34.8%
4/1/2020,514201,8.7%,495400,21%,10500,3%,13600,5%,8151,25.2%,342222,36.7%
3/31/2020,509149,8.8%,514300,22%,,,,,7672,25.7%,337626,37.3%
3/30/2020,546355,9.8%,563900,25%,,,,,8084,28.3%,344690,38.4%
3/29/2020,264119,11.7%,306800,31%,,,,,3374,19.4%,197154,24.2%
3/28/2020,332993,10.2%,403700,29%,,,,,4491,26.0%,240702,25.9%
3/27/2020,658312,11.8%,641800,29%,,,,,8409,29.4%,396778,40.2%
3/26/2020,681923,11.8%,646100,28%,,,,,8795,28.8%,390117,40.3%
3/25/2020,691604,12.1%,618000,27%,,,,,9512,30.2%,375767,40.6%
3/24/2020,743314,13.1%,657800,28%,,,,,9133,30.1%,395493,43.7%
3/23/2020,711138,13.1%,578200,26%,,,,,9902,34.8%,361514,40.7%
3/22/2020,409364,16.9%,378900,35%,,,,,4824,26.1%,277051,31.8%
3/21/2020,620662,20.5%,564900,43%,,,,,6467,39.2%,382993,43.3%
3/20/2020,1312249,23.9%,868600,41%,,,,,12744,45.3%,563262,58.4%
3/19/2020,1425564,25.6%,933600,43%,,,,,14116,48.3%,569696,62.0%
3/18/2020,1629413,28.6%,1059500,45%,,,,,15942,50.0%,634853,68.8%
3/17/2020,1793359,31.8%,1094900,47%,,,,,18173,59.4%,650445,71.6%
3/16/2020,2184296,40.5%,1237300,55%,,,,,21145,75.6%,708870,79.4%
3/15/2020,1159079,47.6%,711600,69%,,,,,12480,68.3%,535988,63.6%
3/14/2020,1672800,52.5%,993300,73%,,,,,13394,79.1%,631101,69.8%
3/13/2020,3496765,62.0%,1715700,77%,,,,,26640,91.8%,860419,86.2%
3/12/2020,4163674,71.6%,1938400,82%,,,,,30814,98.5%,881188,91.3%
3/11/2020,4712462,81.5%,2113000,90%,,,,,32198,100.6%,866706,93.3%
3/10/2020,4883623,84.9%,2112000,91%,,,,,31315,102.1%,855585,94.2%
3/9/2020,4989635,89.6%,2124800,93%,,,,,29609,102.7%,860073,95.3%
3/8/2020,2122328,100.4%,957200,107%,,,,,19477,113.4%,765084,99.4%
3/7/2020,2817082,90.4%,1249100,91%,,,,,18117,103.7%,827908,92.4%
3/6/2020,5204732,91.6%,2066700,93%,,,,,30970,106.7%,945408,96.0%
3/5/2020,5513656,95.6%,2244500,99%,,,,,33209,107.1%,929298,99.1%
3/4/2020,5515945,96.8%,2177200,97%,,,,,34297,108.7%,905558,99.9%
3/3/2020,5498556,96.1%,2228600,97%,,,,,32767,106.9%,882175,98.3%
3/2/2020,5347055,123.9%,2209100,140%,,,,,30338,128.2%,874620,127.5%
3/1/2020,2214601,98.7%,984900,101%,,,,,19922,118.8%,786961,107.8%
